runner,game,category,console,estimate,has_incentive,incentive_text
kainalo,Anime Fart Simulator,Any% Poopless,PC,PT12M,False,
kainalo,Dracamar,Any%,PC,PT1H10M,False,
derbaum333,Kanji Study (Android App),"N5, Low mistakes%, random order, medium strictness",Android,PT12M,False,
derbaum333,Kanji Study (Android App),"N5, perfect score, random order, medium strictness",Android,PT16M,False,
slysonic,Sly Cooper: Thieves in Time,All Ancestor Missions,PlayStation 3,PT1H35M,False,
slysonic,Ratchet & Clank: Full Frontal Assault,NG+,PlayStation 3,PT45M,False,
slysonic,Ratchet & Clank: Full Frontal Assault,100% (Co-op),PlayStation 3,PT3H50M,False,
slysonic,Sly 2: Band of Thieves,Episode 8,PlayStation 3,PT35M,False,
slysonic,PlayStation Move Heroes,Metropolis,PlayStation 3,PT40M,False,
slysonic,PlayStation Move Heroes,Metropolis (14-Player P2 Relay),PlayStation 3,PT40M,False,
mogswe,Mega Man X8 16 - bit,100%,PC,PT55M,True,"Mega Man X8 16-bit is a fan-made reimagining of Mega Man X8 in SNES style. This 100% speedrun collects all upgrades while using fast movement, glitches, and optimized routing. The run builds momentum as abilities unlock, leading to faster gameplay and explosive boss fights. Rarely seen at marathons, it offers a fresh yet familiar Mega Man experience. There will also be a possibility showcase the modded character Awakened Zero as an incentive for even more action. 100% (no gateway glitch) requires collecting all upgrades, items, and unlockables as fast as possible. The route is optimized to use new abilities immediately for faster movement and easier fights. Compared to any%, it showcases more mechanics, routing, and advanced gameplay."
ocke,Peglin,Any% (no act 4),PC,PT25M,False,
ocke,Bejeweled 3,Unlock all modes,PC,PT15M,True,"The classic match-3 game, where you need to combine 3 or more gems of the same color to create as many or large matches as possible. This mode focuses on unlocking the four bonus modes of the game, showcasing the main modes while doing so. A really nice way to showcase how a simple game can get a lot more replayability through game modes."
ocke,Rift of the Necrodancer,Remix Roulette (Impossible difficulty),PC,PT1H,False,
ocke,Hades,"3 Weapons, 32 Heat",PC,PT1H15M,False,
ocke,Hades,Fresh File to Credits,PC,PT4H20M,False,
jokaah,Hammerin' Harry,Any%,Nintendo Entertainment System,PT15M,True,"A fun, short, underrated little platformer with perfect 30s breaks for donation reading ;)
Not much more to say. You swing a hammer at enemies. Sometimes the hammer is very big. I think this would make a great little race. Beat the game as fast as possible"
jokaah,Metal Storm,Any%,Nintendo Entertainment System,PT20M,False,
jokaah,NES micro game relay race (3v3),3v3 relay race,Nintendo Entertainment System,PT1H,True,"6 players, 3 teams, 12 or 15 short (<3 min) NES games back to back! After each game is complete, we swap player and start the next game. 
The game-list is not nailed down yet, but some alternatives are A Boy and His Blob, Chessmaster, Donkey Kong Jr., Where's Waldo,  Skate or Die, Mickey's Safari in Letterland... etc :) The video is Apollo's ""Nintendo Power (Half) Hour"" run from a few years ago, which is kinda similar to what we are going for.
Note: The runners are me, Fleke, Zarconis, Jkl, Apollo and sYn, but apparently max 4 people can join the submission :')"
evertyo,Ape Escape,Any%,PlayStation 2,PT50M,False,
evertyo,Ape Escape,All Monkeys,PlayStation 2,PT1H30M,False,
evertyo,Ape Escape,100%,PlayStation 2,PT1H55M,False,
laxxus,Ultima VIII: Pagan,any% No Major Glitches ,MS-DOS,PT1H15M,False,
laxxus,VVVVVV,100% Glitchless,PC,PT25M,False,
laxxus,Bloodstained: Curse of the Moon,any% Nightmare/Veteran,PC,PT25M,False,
laxxus,Kid Icarus,any%,Nintendo Entertainment System,PT30M,False,
laxxus,Darkwing Duck,any%,Nintendo Entertainment System,PT17M,False,
icen,Sly Cooper: Thieves in Time,All Bosses,PlayStation 3,PT1H10M,False,
icen,Sly Cooper: Thieves in Time,Any%,PlayStation 3,PT4H55M,False,
icen,Sly 3: Honor among Thieves,Episode 4,PlayStation 3,PT1H5M,False,
icen,Sly 3: Honor among Thieves,Episode 1+2,PlayStation 3,PT2H10M,False,
majestikmelville,4 Player Zelda Randomiser (Archipelago),4 Man Multiworld.,PC,PT5H30M,False,
budzyrng,Super Mario Bros. 3,100% Lite,Nintendo Entertainment System,PT1H8M,False,
budzyrng,Super Mario Bros. 3,Any% Warpless (Small Mario Only),Nintendo Entertainment System,PT1H10M,False,
budzyrng,Donkey Kong Country,No Major Glitches,Super Nintendo,PT50M,False,
budzyrng,Donkey Kong Country,All Stages,Super Nintendo,PT45M,False,
suimachine,System Shock 2,any%,PC,PT20M,False,
suimachine,Hellforces,any%,PC,PT31M,False,
suimachine,Deus Ex,any%,PC,PT40M,False,
fleke,Megaman 1 Coop Race,Any% 2p1c (2 players 1 controller),Nintendo Entertainment System,PT40M,True,"Fleke+Niss3 vs Dxtr+Cartina in an Epic showdown, we will race, 2 players on one controller for each team. One person controlling Dpad + Select and other person doing Start + A + B. All Stages Any%, we will be doing some zips and glitches, nothing that beats stages without killing the bosses though. The difference here will be each team will only have 1 controller on 2 people so as they say, sharing is caring!"
gebbu,Super Metroid,Any% PRKD,Super Nintendo,PT50M,False,
kainalo,Anime Fart Simulator,Any% Poopless,PC,PT12M,False,
kainalo,Dracamar,Any%,PC,PT1H10M,False,
derbaum333,Kanji Study (Android App),"N5, Low mistakes%, random order, medium strictness",Android,PT12M,False,
derbaum333,Kanji Study (Android App),"N5, perfect score, random order, medium strictness",Android,PT16M,False,
slysonic,Sly Cooper: Thieves in Time,All Ancestor Missions,PlayStation 3,PT1H35M,False,
slysonic,Ratchet & Clank: Full Frontal Assault,NG+,PlayStation 3,PT45M,False,
slysonic,Ratchet & Clank: Full Frontal Assault,100% (Co-op),PlayStation 3,PT3H50M,False,
slysonic,Sly 2: Band of Thieves,Episode 8,PlayStation 3,PT35M,False,
slysonic,PlayStation Move Heroes,Metropolis,PlayStation 3,PT40M,False,
slysonic,PlayStation Move Heroes,Metropolis (14-Player P2 Relay),PlayStation 3,PT40M,False,
mogswe,Mega Man X8 16 - bit,100%,PC,PT55M,True,"Mega Man X8 16-bit is a fan-made reimagining of Mega Man X8 in SNES style. This 100% speedrun collects all upgrades while using fast movement, glitches, and optimized routing. The run builds momentum as abilities unlock, leading to faster gameplay and explosive boss fights. Rarely seen at marathons, it offers a fresh yet familiar Mega Man experience. There will also be a possibility showcase the modded character Awakened Zero as an incentive for even more action. 100% (no gateway glitch) requires collecting all upgrades, items, and unlockables as fast as possible. The route is optimized to use new abilities immediately for faster movement and easier fights. Compared to any%, it showcases more mechanics, routing, and advanced gameplay."
ocke,Peglin,Any% (no act 4),PC,PT25M,False,
ocke,Bejeweled 3,Unlock all modes,PC,PT15M,True,"The classic match-3 game, where you need to combine 3 or more gems of the same color to create as many or large matches as possible. This mode focuses on unlocking the four bonus modes of the game, showcasing the main modes while doing so. A really nice way to showcase how a simple game can get a lot more replayability through game modes."
ocke,Rift of the Necrodancer,Remix Roulette (Impossible difficulty),PC,PT1H,False,
ocke,Hades,"3 Weapons, 32 Heat",PC,PT1H15M,False,
ocke,Hades,Fresh File to Credits,PC,PT4H20M,False,
jokaah,Hammerin' Harry,Any%,Nintendo Entertainment System,PT15M,True,"A fun, short, underrated little platformer with perfect 30s breaks for donation reading ;)
Not much more to say. You swing a hammer at enemies. Sometimes the hammer is very big. I think this would make a great little race. Beat the game as fast as possible"
jokaah,Metal Storm,Any%,Nintendo Entertainment System,PT20M,False,
jokaah,NES micro game relay race (3v3),3v3 relay race,Nintendo Entertainment System,PT1H,True,"6 players, 3 teams, 12 or 15 short (<3 min) NES games back to back! After each game is complete, we swap player and start the next game. 
The game-list is not nailed down yet, but some alternatives are A Boy and His Blob, Chessmaster, Donkey Kong Jr., Where's Waldo,  Skate or Die, Mickey's Safari in Letterland... etc :) The video is Apollo's ""Nintendo Power (Half) Hour"" run from a few years ago, which is kinda similar to what we are going for.
Note: The runners are me, Fleke, Zarconis, Jkl, Apollo and sYn, but apparently max 4 people can join the submission :')"
evertyo,Ape Escape,Any%,PlayStation 2,PT50M,False,
evertyo,Ape Escape,All Monkeys,PlayStation 2,PT1H30M,False,
evertyo,Ape Escape,100%,PlayStation 2,PT1H55M,False,
laxxus,Ultima VIII: Pagan,any% No Major Glitches ,MS-DOS,PT1H15M,False,
laxxus,VVVVVV,100% Glitchless,PC,PT25M,False,
laxxus,Bloodstained: Curse of the Moon,any% Nightmare/Veteran,PC,PT25M,False,
laxxus,Kid Icarus,any%,Nintendo Entertainment System,PT30M,False,
laxxus,Darkwing Duck,any%,Nintendo Entertainment System,PT17M,False,
icen,Sly Cooper: Thieves in Time,All Bosses,PlayStation 3,PT1H10M,False,
icen,Sly Cooper: Thieves in Time,Any%,PlayStation 3,PT4H55M,False,
icen,Sly 3: Honor among Thieves,Episode 4,PlayStation 3,PT1H5M,False,
icen,Sly 3: Honor among Thieves,Episode 1+2,PlayStation 3,PT2H10M,False,
majestikmelville,4 Player Zelda Randomiser (Archipelago),4 Man Multiworld.,PC,PT5H30M,False,
budzyrng,Super Mario Bros. 3,100% Lite,Nintendo Entertainment System,PT1H8M,False,
budzyrng,Super Mario Bros. 3,Any% Warpless (Small Mario Only),Nintendo Entertainment System,PT1H10M,False,
budzyrng,Donkey Kong Country,No Major Glitches,Super Nintendo,PT50M,False,
budzyrng,Donkey Kong Country,All Stages,Super Nintendo,PT45M,False,
suimachine,System Shock 2,any%,PC,PT20M,False,
suimachine,Hellforces,any%,PC,PT31M,False,
suimachine,Deus Ex,any%,PC,PT40M,False,
fleke,Megaman 1 Coop Race,Any% 2p1c (2 players 1 controller),Nintendo Entertainment System,PT40M,True,"Fleke+Niss3 vs Dxtr+Cartina in an Epic showdown, we will race, 2 players on one controller for each team. One person controlling Dpad + Select and other person doing Start + A + B. All Stages Any%, we will be doing some zips and glitches, nothing that beats stages without killing the bosses though. The difference here will be each team will only have 1 controller on 2 people so as they say, sharing is caring!"
gebbu,Super Metroid,Any% PRKD,Super Nintendo,PT50M,False,
niss3,Maniac Mansion,Miscellaneous,Nintendo Entertainment System,PT20M,True,"Maniac Mansion is interesting in the way that it has multiple endings. Generally we only use the fastest one in speedruns so you never get to see the alternative endings in speedruns. Bid war for which misc category with alternative ending I will showcase (Meteor Police, Talk show, Talk show twist, Rockstar or Photographer)"
crazy_y0,New Super Mario Bros. Wii,Cannonless,Wii,PT1H52M,False,
crazy_y0,New Super Luigi U,All Castles (Normal),Wii U,PT1H12M,False,
cidiya,Rebel Transmute,Any%,PC,PT1H5M,False,
cidiya,Ultima IX: Ascension,Any%,PC,PT43M,False,
lucha_gym_2,The 7th saga ,No tune-up glitch RTA,Super Nintendo,PT7H,False,
lucha_gym_2,Dr. Jekyll and Mr Hyde,Any%,Nintendo Entertainment System,PT30M,False,
lonepolar,Mario Kart 8 Deluxe,96 Track 200cc (Items),Switch 2,PT3H20M,False,
lonepolar,Mario Kart 8 Deluxe,96 Track 200cc (Items),Switch 2,PT3H15M,False,
lonepolar,Mario Kart 8 Deluxe,96 Track 200cc (Items),Switch 2,PT3H20M,False,
nightf1y,Sly Cooper and the Thievius Racconus,All Keys,backwards-compatible PlayStation 3,PT1H10M,False,
rebeldragon95,Dragon Ball Z: Budokai,Any%,PlayStation 2,PT35M,False,
rebeldragon95,Kingdom Hearts Dream Drop Distance HD,NG+ Beginner Any%,PlayStation 5,PT2H5M,False,
rebeldragon95,Street Boyz,NG+ All Stages,PlayStation 2,PT35M,False,
rebeldragon95,Like a Dragon Gaiden: The Man Who Erased His Name,Any%,PlayStation 5,PT1H35M,False,
rebeldragon95,Unfair Flips,Any% Glitchless,PC,PT30M,False,
rebeldragon95,Yakuza Kiwami 3 & Dark Ties,Dark Ties Any%,PlayStation 5,PT40M,False,
rebeldragon95,Kingdom Hearts Birth by Sleep Final Mix HD,Aqua Critical Level 1 Any%,PlayStation 5,PT50M,False,
rebeldragon95,Skullgirls 2nd Encore,Arcade Mode (Sleepwalker),PC,PT10M,False,
rebeldragon95,Ultimate Marvel vs Capcom 3,Arcade Mode Very Easy,PC,PT12M,True,"The PC port of the 2nd version of Marvel vs Capcom 3. A run through the games arcade mode (submission video is from another marathon where I did this, here is my PB https://youtu.be/1N2agTIyDs4?si=mYvKNdFKfG55qPtq). Possible for donation incentive for team etc."
lionheart_d,Pokemon Yellow,Any% Glitchless,Game Boy Color,PT2H8M,False,
broodlai,Retro Rewind (Mario Kart Wii),32 Track Randomiser,Wii,PT1H25M,False,
broodlai,Sonic Unleashed (Recompiled),Any%,PC,PT2H,False,
broodlai,CTGP Revolution (Mario Kart Wii),32 Track Randomiser,Wii,PT1H45M,False,
jonathanirvings,Pepsiman,Any%,PlayStation,PT21M,False,
jonathanirvings,Pepsiman,Cutscene%,PlayStation,PT26M,False,
jonathanirvings,A Bug's Life,Any%,PlayStation,PT28M,False,
leahkazuno,Diddy Kong Racing,"All Races, All Vehicles",Nintendo 64,PT1H4M,False,
leahkazuno,Diddy Kong Racing,All Trophy Races,Nintendo 64,PT26M,False,
leahkazuno,Diddy Kong Racing,100%,Nintendo 64,PT1H53M,False,
leahkazuno,Yohane the Parhelion -BLAZE in the DEEPBLUE-,Any%,Switch,PT55M,True,"Yohane the Parhelion -BLAZE in the DEEPBLUE-, released November 2023, is a game that nobody saw coming: a Metroidvania, based on a spin-off of the Love Live! anime series. Although the game is fairly new, the route is well-established and makes smart use of what the underwater dungeon offers us. With very quick and flashy kills that can be done on the 21 bossfights, and nine partners to use throughout the game, Any% and All Upgrades (the two main categories) are beatable in under an hour. Any% is a very fun and fast category, with not too much time spent backtracking for quests. Thanks to randomised warp rooms and some farming for items, the run feels fresh every time. Any% can also very easily be upgraded to All Upgrades via incentive, as the route is the same for the first half."
leahkazuno,Yohane the Parhelion -BLAZE in the DEEPBLUE-,All Upgrades,Switch,PT1H,False,
leahkazuno,Donkey Kong Country Returns HD,Any% (Modern Mode),Switch,PT1H37M,False,
murtag,Doom 2 (Kex Port),UV-Speed,PC,PT45M,False,
murtag,Kingdom Hearts: Melody of Memory,Showcase,PC,PT1H,False,
polari,Lawn Mower,Beat the game,Nintendo Entertainment System,PT12M,False,
alexmeisteer,Resident Evil Village,VoS (No Intro/Siege) - Glitchless,PC,PT1H55M,False,
alexmeisteer,Resident Evil Requiem,Pure Minimalist ,PC,PT2H5M,False,
evrytimeweslay,Dr. Mario,0-20,Super Game Boy 2,PT45M,False,
tharixer,Dragon Ball Z: Budokai 3,"Goku's Story (Z3, Breakthrough)",PlayStation 2,PT35M,False,
edenalsda,Balatro,Stake Climb,PC,PT1H15M,False,
hypnoshark,SSX 3,All Peak Race,Xbox,PT25M,False,
hypnoshark,Speed Punks ,100%,PlayStation 2,PT1H,False,
hypnoshark,Crash Team Racing,Randomizer,PC,PT2H30M,False,
hypnoshark,Crash Team Racing,Custom Track Adventure Mode,PC,PT1H30M,False,
hypnoshark,Colin McRae Rally ,Championship: Novice,PlayStation 2,PT1H,False,
hypnoshark,Croc 2,Any%,PlayStation 2,PT1H25M,False,
alaapo,Harry Potter and the Philosopher's Stone,Any% 2p1c,Game Boy Advance,PT3M,False,
smudey,The Legend of Zelda: Skyward Sword,Any%,Wii,PT1H30M,False,
smudey,The Legend of Zelda: Skyward Sword,All Dungeons,Wii,PT3H40M,False,
smudey,The Legend of Zelda: Twilight Princess,Any%,GameCube,PT3H30M,False,
smudey,The Legend of Zelda: Twilight Princess,All Mirror Shards,GameCube,PT1H30M,False,
smudey,Super Mario Bros. Wonder,Any%,Switch,PT1H30M,False,
smudey,Super Mario Bros. Wonder,100% (Standees),Switch,PT5H10M,False,
smudey,Super Mario Bros. Wonder,All Koopalings,Switch,PT2H,False,
smudey,The Legend of Zelda: Skyward Sword HD,Harp%,Switch 2,PT1H40M,False,
smudey,Mario Kart World,All Grand Prix,Switch 2,PT1H40M,False,
yamada,The Lord of the Rings: The Return of the King,Any%(Solo),PC,PT1H35M,False,
mikezord,Slitterhead,True End Nightmare,PC,PT3H30M,False,
mikezord,Fatal Frame II: Crimson Butterfly (2026),Any% Story Unrestricted,PC,PT1H40M,False,
mikezord,Fatal Frame II: Crimson Butterfly (2026),Any% Nightmare Unrestricted,PC,PT2H10M,False,
flick,Spelunky Series,Triathlon - Any%,PC,PT30M,False,
flick,UFO 50,Cyber Owls (Gold),PC,PT20M,False,
flick,UFO 50,Porgy (Spotlight%),PC,PT20M,False,
flick,UFO 50,Row 1 Gold Disks,PC,PT2H15M,True,"UFO 50 is a collection of 50 different retro-style games, including a variety of different genres and game lengths. Each game in UFO 50 is its own fully-fledged game, each with their own unique speedruns and strategies. Most UFO 50 categories involve running one of the 50 games, but there are also marathon categories where you beat several of them back to back.

(note: Planet Zoldath is already included in row 1 gold disks, but I submitted it separately, too.) Every UFO 50 run I've done at ESA so far is just one of 50 games. How about a bunch of them in a row? For this run, we beat all 10 games in the top row of the game selection screen, back to back to back. Platformers, puzzlers, strategy games, and more. A true ""marathon within a marathon"" experience!"
flick,UFO 50,Overbold (Gold),PC,PT6M,False,
flick,UFO 50,Planet Zoldath,PC,PT15M,False,
flick,UFO 50,10 Gold Disks,PC,PT42M,False,
flick,UFO 50,Night Manor (Cherry),PC,PT8M,False,
laay,Star Wars Jedi Knight: Jedi Academy,Any% No Stablaunch,PC,PT32M,False,
bigjon,Resident Evil 3 Randomizer ,Any%,PC,PT2H,False,
bigjon,Mega Man 2 Atari Demake ,Any%,PC,PT38M,False,
bigjon,Super Mario Bros.: The Lost Levels,Luigi Warpless D-4 52 Person Relay,Super Nintendo,PT1H30M,False,
bigjon,Super Mario Bros.: The Lost Levels,Any% Luigi D-4,Super Nintendo,PT25M,False,
bigjon,Super Mario Bros.: The Lost Levels,Luigi Warpless D-4,Super Nintendo,PT45M,False,
bigjon,Sonic Chaos,Any%,Sega Game Gear,PT17M,True,"This is the any% run, no emeralds, just go right and win. Possible Bid War Between the Game Gear and Sega Master System Versions! Handheld greatness as sonic!"
bigjon,Super Mario Land 2 DX ,Any% Luigi Glitchless,Game Boy Color,PT35M,True,"It's the Golden Coins, now in color with this awesome mod + playing as Luigi, and if selected, with the amazing randomizer where we have no clue what level is where, what music will popup, what physics will show up, WHO KNOWS! But it'll be a great wait to show off a classic in an RNG fashion. Oh yeah! It's Mario Land 2, but with Luigi, the better brother."
bigjon,NES Open Tournament Golf,All Courses,Nintendo Entertainment System,PT38M,False,
bigjon,Super Mario Logic,Any%,Super Nintendo,PT1H,False,
bigjon,The Sonic 6 (8-Bit Edition),Any%,PC,PT2H40M,False,
bigjon,The Legend Of Zelda: A Link To The Past Randomizer,Normal Open Enemizer,Super Nintendo,PT2H30M,False,
bigjon,The Price is Right,The Price is Right,PC,PT1H10M,True,"It's the Price is Right, returning for it's winter edition. Full of excitement ,a variety of entertaining runners, an all-star cast of players that we DON'T and WON'T know who they are, and, well, ME! This is the most entertaining array of speedrunning we'll be doing across the entire event, and of course, everyone who attends is invited! This will be a full game of The Price is Right will me and PLENTY of crowd!"
bigjon,Blaster Master 2,Any %,Sega Genesis,PT45M,False,
bigjon,Abobo's Big Adventure,Any%,PC,PT45M,False,
bigjon,Fisher Price Perfect Fit,Any%,Nintendo Entertainment System,PT5M,False,
bigjon,Sonic The Hedgehog Boss Shuffler,Any% ,Sega Genesis,PT50M,True,"This is the Sonic Boss Shuffler. Playing through Sonic 1-3 & S&K, the goal is to beat all 42 bosses, but the catch is on ANY boss hit, the game changes to another boss fight amongst the four games. With the toughest settings, up to 42 Boss Fights could be active at the same time! Rings carry over between swaps which could be good AND bad. Donors could donate for seed number or total active bosses. Chaos and Fun! Beat all 42 bosses!"
bigjon,Mega Man 1-3 Archipelago,Any%,Sega Genesis,PT2H,False,
abysstoaster,Spider-Man: Friend or Foe,Any%,PC,PT2H15M,False,
abysstoaster,Banjo-Kazooie Mumbomania (Dreams),100%,PlayStation 5,PT15M,False,
abysstoaster,Mr. Sleepy Man,Mess Everything Up,PC,PT10M,False,
abysstoaster,Mr. Sleepy Man,An%,PC,PT36M,False,
abysstoaster,Donald Duck: Goin' Quackers,Any%,PlayStation,PT55M,False,
dralnah,Chex Quest (On A Flip Phone),Any% (On A Flip Phone),Android,PT10M,False,
dralnah,DOOM (On A Flip Phone),Any% Episodes 1-3 (On A Flip Phone),Android,PT35M,False,
dralnah,Super Kiwi 64,50 Gems + Doomsday ,PC,PT30M,False,
rasonh,Metroid Prime 4: Beyond,Any% Casual,Switch 2,PT4H30M,False,
mrockstar20,Chip 'n Dale,any%,Nintendo Entertainment System,PT12M,False,
only_nub,Super Mario Odyssey,Talkatoo Dark Side,Switch 2,PT4H,False,
only_nub,Super Mario Odyssey,Darker Side,Switch 2,PT3H30M,False,
cropax,Styx: Shards of Darkness,Any% Coop,PC,PT50M,False,
marklukas,Super Mario Odyssey,Normal Triple Bingo Best of three,Switch 2,PT3H,False,
roboo,Ratchet: Deadlocked,Any% no LC,PlayStation 3,PT1H16M,True,"Ratchet: Deadlocked (or Ratchet: Gladiator) is the 4th instalment in the Ratchet & Clank franchise. In terms of speedrunning, it has the clean movement of its predecessors via traversal missions, with its own precision-focused flair managing objective missions, along with some good old fashioned, highly-optimised arena combat.  A good-old honest any% playthrough. We'll complete all campaign missions (& some bonus ones) - but not always in the intended manner :) - before beating the game. We start with nothing and build up our weapons & speedtech as the run progresses. Brutal precision while juggling XP, what's not to love?"
roboo,Ratchet: Deadlocked,NG+ no LC,PlayStation 3,PT42M,False,
raphi,Boktai: The Sun is in Your Hand,Any%,Game Boy Interface,PT1H40M,False,
greenalink,Pokémon XD: Gale of Darkness,4/8 players Tournament - Doubles Format.,Wii Backwards compatibility,PT4H25M,False,
vahisht,Deus Ex: Mankind Divided,Any%,PC,PT50M,False,
vahisht,Operation Tango,Intended%,PC,PT1H,False,
hillarypuff,Jak and Daxter: The Precursor Legacy,No LTS,PlayStation 2,PT1H,False,
posto,Star Wars : Jedi Knight II : Jedi Outcast,Any%,PC,PT55M,False,
thekotti,Hitman: Absolution,Max Ratings,PC,PT1H25M,False,
spaceloz,Doronko Wanko,All Gifts NG+,PC,PT15M,False,
spaceloz,Postman Pat PS2,Any% ,PlayStation 2,PT20M,False,
spaceloz,That One Otter Game,Any %,PC,PT10M,False,
spaceloz,Smushi Come Home,All Achievements,PC,PT2H20M,False,
spaceloz,A Corgi's Cozy Hike,All Butt Powers,PC,PT35M,False,
tagerplayer,Yu-Gi-Oh! Forbidden Memories,Any% (15 Card Mod),PlayStation,PT2H40M,False,
couchman,Record of Lodoss War: Deedlit in Wonder Labyrinth,3-in-1,Switch,PT1H40M,False,
couchman,Super Mario Advance,Any%,Game Boy Interface,PT20M,True,"Mario 2 on the GBA. Mario and friends find themselves adventuring in a dream world called Subcon, working to defeat the evil ruler Wart. The GBA version has enhanced graphics, but is actually so close to the original that many of the same glitches and tricks apply.  Using warp zones and appropriate character choice, skip all the way to the end of the game and beat the final boss in less than 20 minutes!"
couchman,Castlevania: Rondo of Blood,100%,PlayStation 4,PT55M,True,"Castlevania: Rondo of Blood is a fast paced outing to Dracula's Castle starring Richter Belmont and Maria Renard, who would both return in Symphony of the Night. Dracula has kidnapped several maidens for his sicko rituals, and it's time to take the fight to him and save Transylvania again. The PS4 version is slightly easier than the original on the Turbografx-16. In 100%, you visit every stage, rescue every maiden, then defeat Dracula. The percentage is tracked on the game's file select, so you can see your percentage any time you go back. You play as Richter at the start, then unlock Maria, who is much faster."
couchman,Castlevania: Rondo of Blood,Maria Only Any%,PlayStation 4,PT25M,False,
couchman,Hamtaro: Ham Ham Heartbreak,Any%,Game Boy Interface,PT1H43M,False,
mgln_,The Binding of Isaac: Repentance,R+7 (S5),PC,PT1H35M,False,
zarc0nis,Ninja Gaiden,Any%,Nintendo Entertainment System,PT20M,False,
zarc0nis,Super Dodge Ball,100% Easy,Nintendo Entertainment System,PT10M,False,
zarc0nis,Star Evil (Pubby),Any%,Nintendo Entertainment System,PT7M,False,
zarc0nis,Cube,100%,Nintendo Entertainment System,PT16M,False,
zarc0nis,Bobl,Any% (v1.1),Nintendo Entertainment System,PT9M,False,
zarc0nis,Super Pitfall,Any%,Nintendo Entertainment System,PT14M,True,"Game features Harry trying to save his daughter from the dangerous villains. With the true final boss being THE WALL! Co-op race with mrockstar20, and ApolloSmug (WR holder) on commentary. Any% is the fastest way to use glitches and clips to get to the end. It is easy to consume visually and Apollo will help chat navigate it."
blumagma7,Drill Dozer,Any%,Game Boy Interface,PT2H15M,False,
blumagma7,Pokemon Sapphire,Any% No Save Corruption,Game Boy Interface,PT40M,False,
blumagma7,Wii Party,"Balance Boat (Beginner, 2 Player)",Wii U,PT25M,False,
jazzy,Gordon and Daxter,No LTS,PC,PT45M,False,
jkl0ser,Bio Senshi Dan,BTG,Nintendo Entertainment System,PT22M,False,
jkl0ser,Talespin,BTG,Nintendo Entertainment System,PT22M,False,
jkl0ser,FLEA!,BTG,Nintendo Entertainment System,PT25M,False,
jkl0ser,Infernax,Maxime Gunn - Defeat belphegor,PC,PT50M,False,
jkl0ser,Ikari III,"Co-Op Race ""Blind partnes%""",Nintendo Entertainment System,PT25M,False,
jkl0ser,Teenage Mutant Ninja Turtles II: The Arcade Game,BTG-J version,Nintendo Entertainment System,PT35M,False,
jkl0ser,Quest Of Ki,Bad Ending. No warps,Nintendo Entertainment System,PT27M,False,
jkl0ser,Dragon's Lair,BTG-J version,Nintendo Entertainment System,PT11M,False,
jkl0ser,King's Quest IV,BTG,Nintendo Entertainment System,PT40M,False,
jkl0ser,Bigfoot,"BTG, all courses",Nintendo Entertainment System,PT32M,False,
jkl0ser,Cobra Triangle,BTG,Nintendo Entertainment System,PT24M,False,
jkl0ser,Target Renegade,BTG,Nintendo Entertainment System,PT16M,False,
jkl0ser,Wolfling,BTG,Nintendo Entertainment System,PT11M,False,
jkl0ser,Cosmo Police Galivan,BTG - No Wrong Warp,Nintendo Entertainment System,PT1H45M,False,
jkl0ser,Cosmo Police Galivan,BTG-Wrong Warp,Nintendo Entertainment System,PT5M,False,
jkl0ser,Zapper showcase hour,Zapper showcase,Nintendo Entertainment System,PT1H,False,
jkl0ser,FF-F,All courses - Race,Nintendo Entertainment System,PT10M,False,
jkl0ser,Rollergames,BTG,Nintendo Entertainment System,PT20M,False,
cousin,Need For Speed: ProStreet,Career Any%,PC,PT2H,False,
cousin,Need For Speed: ProStreet,Career All Kings,PC,PT4H10M,False,
cousin,Need For Speed: ProStreet (Pepega Edition),Career Any%,PC,PT2H8M,False,
cousin,Destruction Derby 2,Stock Car (All Races),PlayStation,PT55M,False,
dinodude2012,Tasty Planet: Back for Seconds,Any%,PC,PT1H45M,False,
zingochris,Saltwater Sportfishing,Any% Arcade,PlayStation,PT38M,False,
rubentus,Pokémon HeartGold/SoulSilver,Glitchless Manipless,Nintendo DS,PT4H,False,
rubentus,Pokémon HeartGold/SoulSilver,Glitchless Manipless,Nintendo DS,PT4H,False,
rubentus,Pokémon Emerald,Any% Glitchless,Game Boy Interface,PT2H50M,False,
rubentus,Pokémon Diamond/Pearl,Any%,Nintendo DS,PT1H5M,False,
rubentus,Pokémon White 2,Any%,Nintendo DS,PT3H30M,False,
ripperrootm,Need for Speed: Most Wanted (2005),Career Any% Glitches,PC,PT3H50M,False,
ripperrootm,The Looker,Glitchless,PC,PT10M,False,
ripperrootm,Hot Wheels: Turbo Racing,All Cups,PlayStation 2,PT50M,False,
itzscaree,The Legends Of Spyro: Dawn Of The Dragon ,Singleplayer Any%,Xbox 360,PT48M,False,
itzscaree,The Legend of Spyro: The Eternal Night (DS),Fury Frenzy,Nintendo DS,PT49M,False,
imjustdc,Ridge Racer Type 4,Any%,PlayStation 2,PT30M,False,
nilssonalex92,Mike Tyson Boxing ,Become A Champion,PlayStation,PT40M,False,
nilssonalex92,Tekken 3,"Unlock Theater Mode (No Game Over Abuse, 1 Round",PlayStation,PT1H10M,True,"This category is a niche but well-defined challenge in Tekken 3 speedrunning. The goal is to unlock Theater Mode, a bonus feature that lets you watch character endings and cutscenes, as fast as possible under specific constraints.

Tekken 3 as many knows, is one of the most classic titles of the Playstation game category. No Game Over Abuse
You cannot intentionally lose and continue to manipulate progress faster. Some categories allow this to skip content or manipulate unlocks, but here it’s banned,runs must be “clean” completions.
1 Round
Matches are set to a single round instead of the default (usually 2 or 3)."
nilssonalex92,Rocky (2002) ,Movie Mode: Novice,GameCube,PT35M,True,"This game, is pretty jank. We all know it, you all saw it during ESA last year. RNG boxing hell from 2002, a RARE made game together with Ubisoft. Kidney train!

Submission video is the ""Movie Mode: Champ"" from ESA last summer. This is the easy category, just fyi.  You play the game, as fast as possible, beating peoples kidneys up. You autotrain, mashing menus. Beat Apollo, Clubber, Drago and Tommy Gunn."
imeli_tm,Ratchet  Clank Future: Tools of Destruction,All Gold Bolts,PlayStation 3,PT1H6M,False,
imeli_tm,Ratchet & Clank: Going Commando,Max%,PlayStation 3,PT2H31M,False,
imeli_tm,Ratchet & Clank: Going Commando,Any% All Missions,PlayStation 3,PT1H7M,False,
imeli_tm,Ratchet & Clank: Going Commando,NG+ All Missions,PlayStation 3,PT41M,False,
nuu,Treasure of the Rudra,any%,Super Famicom,PT4H20M,False,
nuu,Impossible Spell Card,All Scenes,PC,PT45M,False,
nuu,Mega Man Zero 4,any%,Game Boy Advance,PT47M,False,
bradley_gam1ng,Multiple Spyro and Crash Games - Sprashfecta,642% Relay,PlayStation 2,PT12H,False,
milanista_00,Blue Prince,Bequest%,PC,PT46M,True,"Blue Prince is a rogue-like puzzle game where the objective of the protagonist Simon is to inherit Mount Holly estate, which was left to him by his great uncle. To get Mount Holly you need to find the secret room 46 of the house composed of 45 rooms, this requires to satisfy different win conditions.
The gameplay consist in clicking on a door and choosing a room from the 3 possible choices that the game offers you. The puzzles and the gameplay are very intriguing, interesting and fun to watch. The category Bequest% consist in finding room 46, which is the main objective of the game. There are 3 win conditions and different ways of achieving them: open the antechamber, which is where room 46 is located and access the basement from 2 different sides to find the lever that opens room 46."
syn_stream,Life Force,Any% 2 Player,Nintendo Entertainment System,PT32M,False,
bloojei,Pokémon Diamond/Pearl,Any% Manipless,Nintendo DS,PT1H45M,False,
idk_maniac,Wall-E,Any%,PlayStation 2,PT1H45M,False,
idk_maniac,New Super Mario Bros Wii,Cannonless,Wii U,PT1H55M,False,
vertic,Super Mario 63,All Star Coins,Flash,PT26M,False,
vertic,Super Mario 63,100%,Flash,PT55M,False,
preto,Senran Kagura Shinovi Versus,New Game - Final Battle,PC,PT3H,False,
preto,Senran Kagura Shinovi Versus,New Game - Hanzo Story,PC,PT1H,False,
preto,Senran Kagura Shinovi Versus,New Game - Gessen Story,PC,PT40M,False,
preto,Senran Kagura Shinovi Versus,New Game - Hebijo Story,PC,PT50M,False,
preto,Senran Kagura Shinovi Versus,New Game - Crimson Squad,PC,PT45M,False,
preto,Fate/EXTELLA LINK,Any% (Ending A),PC,PT1H,False,
tcbskitz,MLB Power Pros 2008,Success Mode Fielder,Wii,PT20M,False,
rodillo,Persona 5 Strikers,Any% (Easy),PC,PT4H30M,False,
carkoon,LEGO My Style: Preschool,All Games,PC,PT20M,True,"LEGO My Style: Preschool is an educational game released in 2000, starring the LEGO Duplo animals that teach children in four subjects - math, art, language and music - by playing various mini-games. It's very similar to other education games released during the early 2000s, such as Reader Rabbit or Putt Putt.  Play all mini-games that the game has to offer in the four subjects: math, art, language and music, from a new file. Time starts when the first mini-game is selected, time ends when the final minigame is completed."
chulijavi,Lightning Returns: Final Fantasy XIII,Any% Normal,PlayStation 3,PT2H15M,False,
myths,Mirror's Edge,Inbounds,PC,PT47M,False,
myths,Mirror's Edge,Any%,PC,PT37M,False,
denhonator,Random Chaos Dungeon,"Any% Random Seed, Easy",PC,PT40M,False,
denhonator,SaGa Frontier,"T260G's Story, Japanese",PlayStation 2,PT1H10M,False,
denhonator,Romancing SaGa 3,Any% Remastered,PC,PT2H30M,False,
83ky,Wolfenstein II: The New Colossus,Any%,PC,PT1H20M,False,
baratdatwarat,Mirror's Edge,Any% (Relay Race),PC,PT50M,False,
eris,LittleBigPlanet,COOP NG+,PlayStation 3,PT1H20M,False,
scarfacenico,Arnie Hour,Any% / Beat the Game(s),Nintendo Entertainment System,PT1H30M,False,
scarfacenico,Home Alone 2,Any%,Nintendo Entertainment System,PT10M,False,
scarfacenico,Star Wars: The Empire Strikes Back,Any%,Nintendo Entertainment System,PT20M,False,
scarfacenico,The Flintstones: The Rescue of Dino & Hoppy,Any%,Nintendo Entertainment System,PT20M,False,
fineanddand,Escape from Monkey Island,Any%,PC,PT1H10M,False,
pr0te,Wario Land 3,Any%,Game Boy Interface,PT55M,False,
agentwyvern,Castlevania: The Adventure,Any%,MiSTer,PT25M,False,
agentwyvern,Dreamworld Pogie,Any%,MiSTer,PT9M,False,
agentwyvern,Castlevania II: Simon's Quest,100%,MiSTer,PT55M,False,
agentwyvern,Haunted Castle Revisited,Any% Easy,PC,PT17M,False,
the_bagler,Willow,Any%,Nintendo Entertainment System,PT1H10M,False,
the_bagler,Godzilla: Monster of Monsters,Warpless Godzilla Only,Nintendo Entertainment System,PT1H20M,False,
timkario,Ultimate Racing 2D 2,All Tracks (1 Lap),Switch 2,PT1H10M,False,
timkario,Mario Kart 8 Deluxe,48 Tracks (150 CC with items),Switch 2,PT2H,False,
timkario,Mario Kart 8 Deluxe,48 Tracks DLC (150 CC with Items),Switch 2,PT2H5M,False,
timkario,Wii Party U,All Play Games,Wii U,PT1H10M,False,
kirthar,Blazing Chrome,Arcade Mode (Normal) - Gun,PC,PT30M,False,
kirthar,DuckTales,Any%,Nintendo Entertainment System,PT10M,False,
kirthar,Maui Mallard in Cold Shadow,Any% (Normal/Hard),PC,PT21M,False,
kirthar,Dark SASI,Any%,PC,PT12M,False,
kirthar,Cuphead,DLC + Base Game Low%,PC,PT52M,False,
kirthar,Cuphead,DLC Low%,PC,PT18M,False,
kirthar,Cuphead,"Any% (1.1+, Regular)",PC,PT35M,False,
kirthar,Vengeful Guardian: Moonrider,Beat the game,PC,PT40M,False,
bigchickenator,Ratchet and Clank Going Commando,Black Label Mod Any%,PlayStation 3,PT1H,False,
lurven,Sewer Rave,8 Player tournament,PC,PT1H20M,False,
lurven,Redfall,2 Player Any%,PC,PT1H40M,False,
apollosmug,A Nightmare on Elm Street,Any% CO-OP 4 Player,Nintendo Entertainment System,PT30M,False,
apollosmug,Renegade,Easy,Nintendo Entertainment System,PT6M,False,
apollosmug,Pizza Pop!,Beat the Game,Famicom,PT13M,False,
apollosmug,Ninja Gaiden Trilogy Relay Race,Trilogy Relay Race (20 vs 20),Nintendo Entertainment System,PT1H,True,"The Ninja Gaiden series is one of the most well known franchises in gaming. In years past ESA has seen Mario and Mega Man relay races, but its now time to step it up and pit two teams of 20 runners against each other in one of the most platforming intense series on the NES. To complete Ninja Gaiden 1 through 3 back to back, Apollo and friends will need determination to survive and the ability to adapt to the previous players' decisions. Ryu is about to have his moment in the sun. Two teams of 20 will compete in completing Ninja Gaiden 1 through 3 back to back. There are 20 acts total, and each player will play through 1 act. This game also has unlimited lives. game overs just bring you back to the start of the stage, so players can continue to push through their specific act"
apollosmug,Chuck Rock,Any%,Super Nintendo,PT15M,False,
apollosmug,Mega Man 1-6 46 Robot Masters Relay,46 Robot Masters,Nintendo Entertainment System,PT2H20M,True,"The Classic Mega Man games are back, except this time Apollo and Friends will be racing to defeat all of the Robot Masters from the NES Mega Man series. 46 players will guide Mega Man through platforming excellence in a stage relay.  The above is a linked run of one of the runners who will be at ESA. This category is defeating the robot masters in each game, and then changing to the next game in the Mega Man series in order from 1-6. This is 6 stages in MM1 and then 8 stages in MM 2-6 with 46 players, each having one stage each."
syn_sr,Spyro 2: Season of Flame,Any%,Game Boy Advance,PT35M,False,
syn_sr,Spyro: Shadow Legacy,Any%,Nintendo DS,PT32M,False,
syn_sr,Spyro: Attack of the Rhynocs,Any%,Game Boy Advance,PT25M,False,
spiccytacos,Fallout: New Vegas,All Achievements (No Gambling),PC,PT3H35M,False,
spiccytacos,Fallout: New Vegas,Max Quests (No DS),PC,PT2H55M,False,
spiccytacos,Fallout: New Vegas,Max Quests,PC,PT3H30M,False,
mrponytale,Diddy Kong Racing,100%,Nintendo 64,PT1H55M,False,
mrponytale,Diddy Kong Racing,Any%,Nintendo 64,PT50M,False,
mrponytale,Diddy Kong Racing,T.T. Amulet (No Wrong Warp),Nintendo 64,PT35M,False,
nuke_,Ratchet & Clank (2002),All Checkmarks,PlayStation 3,PT2H30M,False,
nuke_,Spyro 2: Ripto's Rage,40 Orb NG+,PlayStation 2,PT45M,False,
nuke_,Spyro 2: Ripto's Rage,Any%,PlayStation 2,PT15M,False,
prtm,TimeSplitters: Future Perfect ,Any% (Easy),Xbox Series X,PT1H15M,False,
habkeinename,Final Fantasy X-2,100% No Creature Creator,PC,PT11H30M,False,
habkeinename,Final Fantasy X-2,100%,PC,PT11H,False,
habkeinename,Final Fantasy VIII,Any%,PC,PT8H10M,False,
habkeinename,Final Fantasy VIII,Any% CSR,PC,PT4H40M,False,
habkeinename,Lufia 2 Rise of the Sinistrals,Any% NMG No Manip,Super Nintendo,PT4H30M,False,
habkeinename,Lufia 2 Rise of the Sinistrals,100%,Super Nintendo,PT9H30M,False,
habkeinename,Lufia 2 Rise of the Sinistrals,True 100%,Super Nintendo,PT24H,False,
habkeinename,Lufia 2 Rise of the Sinistrals,True 100% 20$%,Super Nintendo,PT24H,False,
yatokami9,Super Mario Bros. 3,Any% Warpless,Famicom,PT1H,False,
yatokami9,Super Mario Bros. 3,100%,Famicom,PT1H20M,False,
yatokami9,Super Mario 64,16 Star,Nintendo 64,PT35M,False,
yatokami9,Super Mario World,"No Cape, No Starworld",Super Famicom,PT50M,False,
hippochan,Yu-Gi-Oh! The Duelists of the Roses,Any%,PlayStation 2,PT1H20M,False,
neviutz,Digimon Story: Time Stranger,Any% (Hard),PC,PT4H15M,True,"Latest installment in the Digimon series. The game is very fast paced and feels very smooth to play, even more so in speedruns, which make it a good and balanced run to play/watch despite it being an RPG. Its balance between gameplay and cutscene feels just right, as well as its length for being an RPG speedrun. Its costumes and various language options also allow for some decent donation incentives. Beat the game on the hardest difficulty. Played on current patch to avoid old patch exclusive glitches as they trivialize the run a lot. In addition to the normal buffer for estimates, I added an extra 10 minutes to the estimate to account for hardware differences that may affect game performance."
neviutz,Metaphor: ReFantazio,True Ending (Hard),PC,PT6H20M,False,
hirexen,The Little Mermaid,Any%,Nintendo Entertainment System,PT11M,False,
hirexen,Astyanax,Any%,Nintendo Entertainment System,PT25M,False,
hirexen,Quattro Adventure,Linus Spacehead,Nintendo Entertainment System,PT15M,False,
hirexen,Contra,Laser Only,Nintendo Entertainment System,PT17M,False,
atreides,TimeSplitters Rewind,Full Game Story Easy,PC,PT15M,False,
atreides,TimeSplitters Rewind,Any% Challenges,PC,PT1H10M,False,
mrxbas,Enthusia: Professional Racing,Any%,PlayStation 2,PT1H30M,False,
mulanv44,Super Mario Odyssey,Randomiser (any%),Switch,PT2H30M,False,
lui,Super Mario World,96 Exit Coop,Super Famicom,PT1H42M,False,
sajiki,F1 25,HEK GP,PC,PT1H,False,
sajiki,The Looker,Any% no SLA,PC,PT4M,False,
teakanji,Gran Turismo Concept: 2002 Tokyo-Geneva,100%,PlayStation 2,PT1H20M,False,
cadarev,Tomb Raider (1996),Any%,PC,PT1H15M,False,
sunnymuffinsr,Path of Exile,A5 Kitava Templar,PC,PT2H5M,False,
triadpanda,Stray,any% glitchless,PlayStation 5,PT1H35M,True,"The game gives players a chance to guide a lost cat through a strange city while trying to get back to its friends. It is filled with a multitude of gaming mechanics such as puzzle solving, platforming, stealth and action-filled sequences. During the game you will encounter a group of robots who will help and guide you through the city, with a captivating story. During the run there will be many opportunities for donation reading or other messages. Complete the run as fast as possible wihtout any glitches. There isn't a 2p1c leaderboard so that's why the category name doesn't include it but we are doing the run 2 player 1 controller."
elkjaer,Horizon Zero Dawn,NG+ Ultra Hard,PlayStation 5,PT1H55M,False,
kumikana,Rochard,Any% NG+,PC,PT1H,False,
sir_jazzberry,Jak and Daxter: The Precursor Legacy,All Flies Low Collectables ,PlayStation 2,PT1H20M,False,
sixrock,Street Boyz,All Max Ranks (NG+),PlayStation 2,PT1H15M,False,
360chrism,Refunct,Archipelago Randomizer,PC,PT45M,False,
360chrism,Pokemon Red/Blue,Any% Start with All Key Items,Game Boy,PT50M,False,
360chrism,Super Mario Galaxy,61 Player Relay,Switch 2,PT4H,False,
360chrism,Super Mario Sunshine,Randomizer,GameCube,PT1H50M,False,
nevflinn,Command & Conquer: Red Alert 2 - Yuri's Revenge,Any% (Allied Campaign),PC,PT1H15M,True,"Bow to Yuri! In the award-winning RTS expansion pack, Yuri reveals his plans to control the world through psychic domination - this run shows the best way to stop him! It demands intense micro and macro, very creative routing through all seven missions and their easter eggs, and the fastest way is on the hardest mode? We must race to contest insanely tight cycles and manage an intense amount of variable tasks all at once, offset with vintage Westwood charm. This promises to be a run to remember! Run starts upon selecting the campaign and ends upon the last mission complete screen
The fastest way to clear this game is also the hardest - because of a time defence mission later in the run, the time for which is cut in half on hard mode, we aim to clear the whole game on the hardest difficulty"
nevflinn,Command & Conquer: Red Alert 2 - Yuri's Revenge,Any% (Soviet),PC,PT45M,True,"Bow to Yuri! The Soviets may have lost the war, but they can win the battle that counts as they hijack the time machine and get revenge on Yurii. This run shows RTS micro and macro in a tight time frame, with numerous audience-pleasing shortcuts and easter eggs to show how sharp knowledge and thorough routing can make a hard game look easy Run starts upon selecting the campaign and ends upon the last mission complete screen"
xem92,"Ratchet and Clanks 1, 2, and 3",100% Trifecta,PlayStation 3,PT9H,False,
xem92,Raldi's Crackhouse,Any%,PC,PT1H30M,False,
xem92,Clone Hero Rock Concert,ROCK CONCERT%,PC,PT1H30M,True,"I've assembled a team of 4 of the best plastic musicians the world has ever seen. Me, Jarvis9999, WarDrums_, and SixRockFire. The four of us would go on stage for 60-90 minutes and put on a rock concert through the game Clone Hero. We'd create our own setlist, perform it for a live audience, and melt faces. Check my video link for more details. In Clone Hero, we can play from thousands of different songs, so we'll put together a setlist between 60-90 minutes of all the classics. Songs people remember from games like Guitar Hero and Rock Band, as well as many others we think the crowd would love."
kaspi,Mario Sports Mix,Dodgeball (2 on 2),WiiU Backwards Compatibility,PT38M,False,
kaspi,Carimara: Beneath The Forlore Limb,All Achievements,PC,PT17M,False,
kaspi,South of Midnight,Any% Restricted,PC,PT1H15M,False,
kaspi,South of Midnight,Chapter 6-11 Showcase,PC,PT35M,False,
kaspi,Dashing fire,Any% Checkpoints Allowed,PC,PT15M,False,
sylwer,Dragon Quest I HD-2D Remake,any% (Dragon difficulty),PC,PT2H,False,
sylwer,Dragon Quest III HD-2D Remake,any% ,PC,PT3H20M,False,
sylwer,Dragon Quest Treasures,any%,PC,PT4H45M,False,
sylwer,Dragon Quest V,any%,Nintendo DS,PT6H15M,False,
sylwer,Dragon Quest Monsters 3,any%,PC,PT4H,True,"After the success of Dragon Quest Monster Joker 1 & 2 outside japan (3 only came out in jp), Dragon Quest Monsters 3 is the most recent Monster spin-off released around the world! It tells the story of Psaro, the vilain of Dragon Quest IV, who became a monster wrangler to rule on Nadiria. In this game you will control up to 4 monsters in battle, that you can either scout in different biomes or synthesis together to create even more powerful monsters. It has Cutscene skip & fast battle animations The run abuses of the synthesis to unlock strong monsters and particularly strong spells to snowball and stomp the mid game, after a difficult early game. The game gifts a few bonus balls at the very beginning that we can use to increase our XP gains, thanks to this we can rush without farming a lot"
dondoli,Fates of Ort,Best Ending,PC,PT1H20M,False,
dondoli,Unravel,any%,PC,PT1H15M,False,
dondoli,Ynglet,Any% Challenging,PC,PT20M,False,
r4nd0mz,Yu-Gi-Oh! 5D's Tag Force 4,Any% (Misty),PlayStation Portable,PT55M,True,"Based on the 2008 series of the anime, this children's card game video game does not feature any motorcycles but gameplay a lot closer to the real card game than games in the franchise previously shown at ESA. The gimmick of the Tag Force series is tag duels, which means that the player not only has to worry about their opponents, but also their cpu tag partner's incompetence in up to four duels per run. The Tag Force games feature many potential tag partners, but in this game, the optimal choice is Misty Tredwell, thanks to some synergy between her deck and the player's starter deck, relatively tolerable opponents, and a unique strategy to beat the final duel of her story."
diagon,Castlevania: Symphony of the Night,Randomizer,PlayStation,PT1H15M,False,
diagon,Castlevania: Symphony of the Night,Any% Requiem / DXC PAL,PlayStation 4,PT24M,False,
diagon,Castlevania: Dawn of Sorrow,Low% Souls,PC,PT32M,False,
abtwisty,Spiderman Friend or Foe,Any%,PC,PT2H15M,False,
abtwisty,Pokémon White 2 - Nintendo DS,Any%,Nintendo DS,PT3H30M,True,"The sequels to Pokemon Black/White set in the Unova region. This run shows the famous route of using Drilbur and Excadrill as the clear choices to beat the game fast. While there aren't many glitches, there are interesting strategies involving RNG manipulation that is different for each runners console, which makes a novel and unique experience to watch and do runs. The story takes centre stage and the pokémon battles are risky but just right.  Heavy use of RNG manipulation and new routing has made this already excellent speedrun even more involved and interesting in recent years. Some strategies involve manipulating hidden grottoes, some involve using dust clouds to spawn desirable encounters. Game ends at becoming Champion."
scoagogo,Pokémon Black,Any%,Nintendo DS,PT3H25M,False,
scoagogo,Octopath Traveler II,Any%,PC,PT3H,False,
scoagogo,Pokémon Diamond,Any%,Nintendo DS,PT1H5M,False,
crafted,Pokémon Platinum,Any% Glitchless Manipless,Nintendo DS,PT4H20M,False,
mainly_maeve,Spyro: Ripto's Rage,14 Talisman,PlayStation 2,PT32M,False,
mainly_maeve,Spyro: Ripto's Rage,any%,PlayStation 2,PT15M,False,
mainly_maeve,Guild Wars 2,World Completition,PC,PT13H,False,
the_h_pandin,Super Mario Odyssey,"Minimum Captures Any% (2P, 1.4.1)",Switch 2,PT1H30M,False,
prince_ostrava,Sly 2: Band of Thieves,All Vaults w/ cheats,PlayStation 3,PT1H20M,False,
prince_ostrava,Sly Cooper: Thieves in Time,Episode 3 Any%,PlayStation 3,PT1H,False,
prince_ostrava,Sly Cooper: Thieves in Time,Episode 4 Any%,PlayStation 3,PT1H,False,
prince_ostrava,Sly Cooper: Thieves in Time,Episode 3+4,PlayStation 3,PT2H,False,
leys3r,Super Mario World Kaizo - Halo 14 - Definitive Edition,Any%,Super Famicom,PT1H15M,False,
calle_w,GoldenEye 007,Match Play Exhibition,Nintendo 64,PT1H20M,False,
alw0,Pokémon White 2 ,Any%,Nintendo DS,PT3H30M,False,
alw0,Pokémon Emerald ,Any% Glitchless,Game Boy Interface,PT2H50M,False,
nalle,Final Fantasy X,Cutscene Remover ,PC,PT3H30M,False,
nalle,The Legend of Zelda: Ocarina of time,Co-op exploration blackout bingo,Wii,PT2H30M,False,
oddkara,Spyro the Dragon,Chargeless Any%,PlayStation,PT1H10M,False,
sphere,Quake: Arcane Dimensions,"""Leptis Magna"" - All Secrets",PC,PT12M,False,
ananace,Colobot,NG+,PC,PT5M,False,
ananace,Colobot,NG+ (Main Campaign),PC,PT15M,False,
incommunicado,Zelda : The Minish Cap,Firerod%,Game Boy Advance,PT40M,False,
incommunicado,Zelda : The Minish Cap,Firerod Reverse Element Order,Game Boy Advance,PT45M,False,
incommunicado,Dark Souls Remastered,Pacifist%,PC,PT1H40M,False,
nintendnat,Metal Gear,Metal Gear MSX 100%,MSX,PT1H,False,
rsw,Super Mario Sunshine Randomizer,60 Shines,GameCube,PT2H,False,
epicdudeguy,Prince of Persia: The Sands of Time,Any% Zipless,PC,PT1H30M,False,
epicdudeguy,Prince of Persia: Arabian Nights,Any%,Dreamcast,PT1H,False,
xylexsr,Super Mario 3D World + Bowsers Fury,3D World any%,Switch 2,PT1H30M,True,Super Mario 3D World is an exciting speed game filled with fast paced movement and massive skips. Released for the Switch in 2021 it has fostered a dedicated and active speedrunning scene aiming to make Luigi/Toad/Peach beat the game in as little time as possible. With 12 unique worlds to explore it offers a dynamic speedrunnning expereince for those who play and enjoy the game Any% Involves collecting 170 Green stars and completing the final stage in World Bowser (World 8). It includes many level breaking skips and exciting movement that is captivating and intriguing. Timing Starts on the character select screen and ends once the final flagpole has been raised.
devilsnake74,Jak the Chicken,Any%,PC,PT15M,False,
devilsnake74,Nier,A Ending,Xbox 360,PT3H,False,
devilsnake74,Ratchet & Clank PS4,NG+,PlayStation 4,PT30M,False,
devilsnake74,Prince of Persia: The Two Thrones,Any% No Major Glitches,PC,PT1H50M,False,
devilsnake74,X-Men Origins Wolverine,NG+,PC,PT1H5M,False,
devilsnake74,Pseudoregalia,All Abilities No OOB Map Patch,PC,PT25M,False,
prisiii3,Mega Man 3,any% (buster only),Nintendo Entertainment System,PT47M,False,
prisiii3,Wario's Woods,50 levels (type-B),Nintendo Entertainment System,PT30M,False,
prisiii3,Mega Man 4,any% (buster only),Nintendo Entertainment System,PT47M,False,
catalystz,Dark Souls: Remastered,All Achievements (Dropmod),PC,PT2H5M,False,
catalystz,Elden Ring,Two Gods Glitchless,PC,PT1H45M,False,
